3113696214,sultan,23
3113696245,ayaz,24
923114000000,raja,25
3113694214,rameez,26
3113686245,burhan,24
923114000000,rizwan,28
3113698214,faraz,21
3113656245,rao,25
923115000000,haseeb,21
3113696214,arshad,15
3113696245,sultan,21
923114000000,ayaz,23
3113694214,raja,25
3113686245,rameez,11
923114000000,burhan,25
3113698214,rizwan,23
3113656245,faraz,24
923115000000,rao,25
3113696214,haseeb,26
3113696245,arshad,24
923114000000,sultan,28
3113694214,ayaz,21
3113686245,raja,25
923114000000,rameez,21
3113698214,burhan,15
3113656245,rizwan,21
923115000000,faraz,23
3113696214,rao,25
3113696245,haseeb,11
923114000000,arshad,25
3113694214,sultan,23
3113686245,ayaz,24
923114000000,raja,25
3113698214,rameez,26
3113656245,burhan,24
923115000000,rizwan,28
3113696214,faraz,21
3113696245,rao,25
923114000000,haseeb,21
3113694214,arshad,15
3113686245,sultan,21
923114000000,ayaz,23
3113698214,raja,25
3113656245,rameez,11
923115000000,burhan,25
3113696214,rizwan,23
3113696245,faraz,24
923114000000,rao,25
3113694214,haseeb,26
3113686245,arshad,24
923114000000,sultan,28
3113698214,ayaz,21
3113656245,raja,25
923115000000,rameez,21
3113696214,burhan,15
3113696245,rizwan,21
923114000000,faraz,23
3113694214,rao,25
3113686245,haseeb,11
923114000000,arshad,25
3113698214,sultan,23
3113656245,ayaz,24
923115000000,raja,25
3113696214,rameez,26
3113696245,burhan,24
923114000000,rizwan,28
3113694214,faraz,21
3113686245,rao,25
923114000000,haseeb,21
3113698214,arshad,15
3113656245,sultan,21
923115000000,ayaz,23
3113696214,raja,25
3113696245,rameez,11
923114000000,burhan,25
3113694214,rizwan,23
3113686245,faraz,24
923114000000,rao,25
3113698214,haseeb,26
3113656245,arshad,24
923115000000,raven,28
3113696214,sultan,23
3113696245,ayaz,24
923114000000,raja,25
3113694214,rameez,26
3113686245,burhan,24
923114000000,rizwan,28
3113698214,faraz,21
3113656245,rao,25
923115000000,haseeb,21
3113696214,arshad,15
3113696245,sultan,21
923114000000,ayaz,23
3113694214,raja,25
3113686245,rameez,11
923114000000,burhan,25
3113698214,rizwan,23
3113656245,faraz,24
923115000000,rao,25
3113696214,haseeb,26
3113696245,arshad,24
923114000000,sultan,28
3113694214,ayaz,21
3113686245,raja,25
923114000000,rameez,21
3113698214,burhan,15
3113656245,rizwan,21
923115000000,faraz,23
3113696214,rao,25
3113696245,haseeb,11
923114000000,arshad,25
3113694214,sultan,23
3113686245,ayaz,24
923114000000,raja,25
3113698214,rameez,26
3113656245,burhan,24
923115000000,rizwan,28
3113696214,faraz,21
3113696245,rao,25
923114000000,haseeb,21
3113694214,arshad,15
3113686245,sultan,21
923114000000,ayaz,23
3113698214,raja,25
3113656245,rameez,11
923115000000,burhan,25
3113696214,rizwan,23
3113696245,faraz,24
923114000000,rao,25
3113694214,haseeb,26
3113686245,arshad,24
923114000000,sultan,28
3113698214,ayaz,21
3113656245,raja,25
923115000000,rameez,21
3113696214,burhan,15
3113696245,rizwan,21
923114000000,faraz,23
3113694214,rao,25
3113686245,haseeb,11
923114000000,arshad,25
3113698214,sultan,23
3113656245,ayaz,24
923115000000,raja,25
3113696214,rameez,26
3113696245,burhan,24
923114000000,rizwan,28
3113694214,faraz,21
3113686245,rao,25
923114000000,haseeb,21
3113698214,arshad,15
3113656245,sultan,21
923115000000,ayaz,23
3113696214,raja,25
3113696245,rameez,11
923114000000,burhan,25
3113694214,rizwan,23
3113686245,faraz,24
923114000000,rao,25
3113698214,haseeb,26
3113656245,arshad,24
923115000000,raven,28
